{
  "Workflows": [
    {
      "Path": null,
      "SortBy": 0,
      "VariablesSectionElementsOrder": [],
      "ArgumentsSectionElementsOrder": null,
      "ConstantsSectionElementsOrder": [],
      "AddedNamespaces": null
    },
    {
      "Path": "Main.xaml",
      "SortBy": 0,
      "VariablesSectionElementsOrder": [
        "i&Sequence_1",
        "input&Sequence_1",
        "email&Sequence_1",
        "file&Sequence_1",
        "password&Sequence_2"
      ],
      "ArgumentsSectionElementsOrder": [],
      "ConstantsSectionElementsOrder": [],
      "AddedNamespaces": null
    },
    {
      "Path": "../../../../../OneDrive/Desktop/RPAPROJECT.xaml",
      "SortBy": 0,
      "VariablesSectionElementsOrder": [
        "i&Sequence_1",
        "input&Sequence_1",
        "email&Sequence_1",
        "file&Sequence_1",
        "password&Sequence_2"
      ],
      "ArgumentsSectionElementsOrder": [],
      "ConstantsSectionElementsOrder": [],
      "AddedNamespaces": null
    },
    {
      "Path": "../../../../../OneDrive/Desktop/RPAMain.xaml",
      "SortBy": 0,
      "VariablesSectionElementsOrder": [
        "i&Sequence_1",
        "input&Sequence_1",
        "email&Sequence_1",
        "file&Sequence_1",
        "password&Sequence_2"
      ],
      "ArgumentsSectionElementsOrder": [],
      "ConstantsSectionElementsOrder": [],
      "AddedNamespaces": null
    }
  ]
}